bytes,content-type,elapsed,endpoint,resource,status,entry-date,start-date,end-date
507893,application/json,1.171,ba080b05e0df46fe7eec05ff62e101f0fc047066af29fa7897700568b09ce1cc,cafadb8e0a05a2c0497d175d0abf5d05b2bb88b6040a2a68f73ae6fb9313234b,200,2021-06-23T15:00:11.388015,,
507893,application/json,0.393,ba080b05e0df46fe7eec05ff62e101f0fc047066af29fa7897700568b09ce1cc,cafadb8e0a05a2c0497d175d0abf5d05b2bb88b6040a2a68f73ae6fb9313234b,200,2021-06-24T00:16:22.741299,,
507893,application/json,0.408,ba080b05e0df46fe7eec05ff62e101f0fc047066af29fa7897700568b09ce1cc,cafadb8e0a05a2c0497d175d0abf5d05b2bb88b6040a2a68f73ae6fb9313234b,200,2021-06-25T00:22:19.568147,,
507893,application/json,0.449,ba080b05e0df46fe7eec05ff62e101f0fc047066af29fa7897700568b09ce1cc,cafadb8e0a05a2c0497d175d0abf5d05b2bb88b6040a2a68f73ae6fb9313234b,200,2021-06-26T00:19:03.490926,,
507893,application/json,0.586,ba080b05e0df46fe7eec05ff62e101f0fc047066af29fa7897700568b09ce1cc,cafadb8e0a05a2c0497d175d0abf5d05b2bb88b6040a2a68f73ae6fb9313234b,200,2021-06-27T00:23:47.387737,,
507893,application/json,1.111,ba080b05e0df46fe7eec05ff62e101f0fc047066af29fa7897700568b09ce1cc,cafadb8e0a05a2c0497d175d0abf5d05b2bb88b6040a2a68f73ae6fb9313234b,200,2021-06-28T00:22:35.506339,,
507893,application/json,0.483,ba080b05e0df46fe7eec05ff62e101f0fc047066af29fa7897700568b09ce1cc,cafadb8e0a05a2c0497d175d0abf5d05b2bb88b6040a2a68f73ae6fb9313234b,200,2021-06-29T00:21:31.372426,,
507893,application/json,0.538,ba080b05e0df46fe7eec05ff62e101f0fc047066af29fa7897700568b09ce1cc,cafadb8e0a05a2c0497d175d0abf5d05b2bb88b6040a2a68f73ae6fb9313234b,200,2021-06-30T00:19:55.527550,,
507893,application/json,1.099,ba080b05e0df46fe7eec05ff62e101f0fc047066af29fa7897700568b09ce1cc,cafadb8e0a05a2c0497d175d0abf5d05b2bb88b6040a2a68f73ae6fb9313234b,200,2021-07-01T00:21:59.074580,,
507893,application/json,0.667,ba080b05e0df46fe7eec05ff62e101f0fc047066af29fa7897700568b09ce1cc,cafadb8e0a05a2c0497d175d0abf5d05b2bb88b6040a2a68f73ae6fb9313234b,200,2021-07-02T00:20:25.756018,,
507893,application/json,1.152,ba080b05e0df46fe7eec05ff62e101f0fc047066af29fa7897700568b09ce1cc,cafadb8e0a05a2c0497d175d0abf5d05b2bb88b6040a2a68f73ae6fb9313234b,200,2021-07-03T00:20:48.258839,,
507893,application/json,0.462,ba080b05e0df46fe7eec05ff62e101f0fc047066af29fa7897700568b09ce1cc,cafadb8e0a05a2c0497d175d0abf5d05b2bb88b6040a2a68f73ae6fb9313234b,200,2021-07-04T00:20:30.042740,,
507893,application/json,0.446,ba080b05e0df46fe7eec05ff62e101f0fc047066af29fa7897700568b09ce1cc,cafadb8e0a05a2c0497d175d0abf5d05b2bb88b6040a2a68f73ae6fb9313234b,200,2021-07-05T00:19:38.949300,,
507893,application/json,1.114,ba080b05e0df46fe7eec05ff62e101f0fc047066af29fa7897700568b09ce1cc,cafadb8e0a05a2c0497d175d0abf5d05b2bb88b6040a2a68f73ae6fb9313234b,200,2021-07-06T00:21:58.668354,,
507893,application/json,0.466,ba080b05e0df46fe7eec05ff62e101f0fc047066af29fa7897700568b09ce1cc,cafadb8e0a05a2c0497d175d0abf5d05b2bb88b6040a2a68f73ae6fb9313234b,200,2021-07-07T00:20:43.951271,,
507893,application/json,1.104,ba080b05e0df46fe7eec05ff62e101f0fc047066af29fa7897700568b09ce1cc,cafadb8e0a05a2c0497d175d0abf5d05b2bb88b6040a2a68f73ae6fb9313234b,200,2021-07-08T00:20:13.716457,,
507893,application/json,3.279,ba080b05e0df46fe7eec05ff62e101f0fc047066af29fa7897700568b09ce1cc,cafadb8e0a05a2c0497d175d0abf5d05b2bb88b6040a2a68f73ae6fb9313234b,200,2021-07-09T00:20:27.510579,,
507893,application/json,1.028,ba080b05e0df46fe7eec05ff62e101f0fc047066af29fa7897700568b09ce1cc,cafadb8e0a05a2c0497d175d0abf5d05b2bb88b6040a2a68f73ae6fb9313234b,200,2021-07-10T00:21:08.472654,,
507893,application/json,0.425,ba080b05e0df46fe7eec05ff62e101f0fc047066af29fa7897700568b09ce1cc,cafadb8e0a05a2c0497d175d0abf5d05b2bb88b6040a2a68f73ae6fb9313234b,200,2021-07-11T00:21:08.528781,,
507893,application/json,0.48,ba080b05e0df46fe7eec05ff62e101f0fc047066af29fa7897700568b09ce1cc,cafadb8e0a05a2c0497d175d0abf5d05b2bb88b6040a2a68f73ae6fb9313234b,200,2021-07-12T00:21:23.657589,,
507893,application/json,1.554,ba080b05e0df46fe7eec05ff62e101f0fc047066af29fa7897700568b09ce1cc,cafadb8e0a05a2c0497d175d0abf5d05b2bb88b6040a2a68f73ae6fb9313234b,200,2021-07-13T00:20:09.881478,,
507893,application/json,1.126,ba080b05e0df46fe7eec05ff62e101f0fc047066af29fa7897700568b09ce1cc,cafadb8e0a05a2c0497d175d0abf5d05b2bb88b6040a2a68f73ae6fb9313234b,200,2021-07-14T00:19:34.648069,,
507893,application/json,0.444,ba080b05e0df46fe7eec05ff62e101f0fc047066af29fa7897700568b09ce1cc,cafadb8e0a05a2c0497d175d0abf5d05b2bb88b6040a2a68f73ae6fb9313234b,200,2021-07-15T00:19:32.555576,,
507893,application/json,1.219,ba080b05e0df46fe7eec05ff62e101f0fc047066af29fa7897700568b09ce1cc,cafadb8e0a05a2c0497d175d0abf5d05b2bb88b6040a2a68f73ae6fb9313234b,200,2021-07-16T00:20:28.977280,,
507893,application/json,0.44,ba080b05e0df46fe7eec05ff62e101f0fc047066af29fa7897700568b09ce1cc,cafadb8e0a05a2c0497d175d0abf5d05b2bb88b6040a2a68f73ae6fb9313234b,200,2021-07-17T00:19:46.465977,,
507893,application/json,0.482,ba080b05e0df46fe7eec05ff62e101f0fc047066af29fa7897700568b09ce1cc,cafadb8e0a05a2c0497d175d0abf5d05b2bb88b6040a2a68f73ae6fb9313234b,200,2021-07-18T00:20:45.436141,,
507893,application/json,0.495,ba080b05e0df46fe7eec05ff62e101f0fc047066af29fa7897700568b09ce1cc,cafadb8e0a05a2c0497d175d0abf5d05b2bb88b6040a2a68f73ae6fb9313234b,200,2021-07-19T00:20:09.046935,,
112,application/json; charset=utf-8,0.275,ba080b05e0df46fe7eec05ff62e101f0fc047066af29fa7897700568b09ce1cc,,500,2021-07-20T00:18:55.792463,,
507893,application/json,1.506,ba080b05e0df46fe7eec05ff62e101f0fc047066af29fa7897700568b09ce1cc,cafadb8e0a05a2c0497d175d0abf5d05b2bb88b6040a2a68f73ae6fb9313234b,200,2021-07-21T00:20:15.411162,,
507893,application/json,0.47,ba080b05e0df46fe7eec05ff62e101f0fc047066af29fa7897700568b09ce1cc,cafadb8e0a05a2c0497d175d0abf5d05b2bb88b6040a2a68f73ae6fb9313234b,200,2021-07-22T00:19:43.458664,,
507893,application/json,1.361,ba080b05e0df46fe7eec05ff62e101f0fc047066af29fa7897700568b09ce1cc,cafadb8e0a05a2c0497d175d0abf5d05b2bb88b6040a2a68f73ae6fb9313234b,200,2021-07-23T00:21:29.907993,,
507893,application/json,0.46,ba080b05e0df46fe7eec05ff62e101f0fc047066af29fa7897700568b09ce1cc,cafadb8e0a05a2c0497d175d0abf5d05b2bb88b6040a2a68f73ae6fb9313234b,200,2021-07-24T00:20:03.001510,,
507893,application/json,0.45,ba080b05e0df46fe7eec05ff62e101f0fc047066af29fa7897700568b09ce1cc,cafadb8e0a05a2c0497d175d0abf5d05b2bb88b6040a2a68f73ae6fb9313234b,200,2021-07-25T00:20:28.223561,,
507893,application/json,0.541,ba080b05e0df46fe7eec05ff62e101f0fc047066af29fa7897700568b09ce1cc,cafadb8e0a05a2c0497d175d0abf5d05b2bb88b6040a2a68f73ae6fb9313234b,200,2021-07-26T00:19:23.466130,,
507893,application/json,0.476,ba080b05e0df46fe7eec05ff62e101f0fc047066af29fa7897700568b09ce1cc,cafadb8e0a05a2c0497d175d0abf5d05b2bb88b6040a2a68f73ae6fb9313234b,200,2021-07-27T00:19:14.341199,,
507893,application/json,1.891,ba080b05e0df46fe7eec05ff62e101f0fc047066af29fa7897700568b09ce1cc,cafadb8e0a05a2c0497d175d0abf5d05b2bb88b6040a2a68f73ae6fb9313234b,200,2021-07-28T00:22:29.261326,,
507893,application/json,0.467,ba080b05e0df46fe7eec05ff62e101f0fc047066af29fa7897700568b09ce1cc,cafadb8e0a05a2c0497d175d0abf5d05b2bb88b6040a2a68f73ae6fb9313234b,200,2021-07-29T00:20:03.662029,,
507893,application/json,0.51,ba080b05e0df46fe7eec05ff62e101f0fc047066af29fa7897700568b09ce1cc,cafadb8e0a05a2c0497d175d0abf5d05b2bb88b6040a2a68f73ae6fb9313234b,200,2021-07-30T00:20:13.511358,,
507893,application/json,1.148,ba080b05e0df46fe7eec05ff62e101f0fc047066af29fa7897700568b09ce1cc,cafadb8e0a05a2c0497d175d0abf5d05b2bb88b6040a2a68f73ae6fb9313234b,200,2021-07-31T00:20:03.684521,,
507893,application/json,0.541,ba080b05e0df46fe7eec05ff62e101f0fc047066af29fa7897700568b09ce1cc,cafadb8e0a05a2c0497d175d0abf5d05b2bb88b6040a2a68f73ae6fb9313234b,200,2021-08-01T00:23:04.041266,,
507893,application/json,0.498,ba080b05e0df46fe7eec05ff62e101f0fc047066af29fa7897700568b09ce1cc,cafadb8e0a05a2c0497d175d0abf5d05b2bb88b6040a2a68f73ae6fb9313234b,200,2021-08-02T00:21:20.482176,,
507893,application/json,0.486,ba080b05e0df46fe7eec05ff62e101f0fc047066af29fa7897700568b09ce1cc,cafadb8e0a05a2c0497d175d0abf5d05b2bb88b6040a2a68f73ae6fb9313234b,200,2021-08-03T00:21:27.103709,,
507893,application/json,0.493,ba080b05e0df46fe7eec05ff62e101f0fc047066af29fa7897700568b09ce1cc,cafadb8e0a05a2c0497d175d0abf5d05b2bb88b6040a2a68f73ae6fb9313234b,200,2021-08-04T00:21:04.907733,,
507893,application/json,0.512,ba080b05e0df46fe7eec05ff62e101f0fc047066af29fa7897700568b09ce1cc,cafadb8e0a05a2c0497d175d0abf5d05b2bb88b6040a2a68f73ae6fb9313234b,200,2021-08-05T00:21:44.171403,,
507893,application/json,0.468,ba080b05e0df46fe7eec05ff62e101f0fc047066af29fa7897700568b09ce1cc,cafadb8e0a05a2c0497d175d0abf5d05b2bb88b6040a2a68f73ae6fb9313234b,200,2021-08-06T00:20:29.426429,,
507893,application/json,0.488,ba080b05e0df46fe7eec05ff62e101f0fc047066af29fa7897700568b09ce1cc,cafadb8e0a05a2c0497d175d0abf5d05b2bb88b6040a2a68f73ae6fb9313234b,200,2021-08-07T00:19:50.341424,,
507893,application/json,0.44,ba080b05e0df46fe7eec05ff62e101f0fc047066af29fa7897700568b09ce1cc,cafadb8e0a05a2c0497d175d0abf5d05b2bb88b6040a2a68f73ae6fb9313234b,200,2021-08-08T00:21:06.664356,,
507893,application/json,0.521,ba080b05e0df46fe7eec05ff62e101f0fc047066af29fa7897700568b09ce1cc,cafadb8e0a05a2c0497d175d0abf5d05b2bb88b6040a2a68f73ae6fb9313234b,200,2021-08-09T00:22:40.349300,,
507893,application/json,1.205,ba080b05e0df46fe7eec05ff62e101f0fc047066af29fa7897700568b09ce1cc,cafadb8e0a05a2c0497d175d0abf5d05b2bb88b6040a2a68f73ae6fb9313234b,200,2021-08-10T00:22:23.649571,,
507893,application/json,1.127,ba080b05e0df46fe7eec05ff62e101f0fc047066af29fa7897700568b09ce1cc,cafadb8e0a05a2c0497d175d0abf5d05b2bb88b6040a2a68f73ae6fb9313234b,200,2021-08-11T00:28:03.537817,,
507893,application/json,0.622,ba080b05e0df46fe7eec05ff62e101f0fc047066af29fa7897700568b09ce1cc,cafadb8e0a05a2c0497d175d0abf5d05b2bb88b6040a2a68f73ae6fb9313234b,200,2021-08-12T00:21:20.939483,,
507893,application/json,0.692,ba080b05e0df46fe7eec05ff62e101f0fc047066af29fa7897700568b09ce1cc,cafadb8e0a05a2c0497d175d0abf5d05b2bb88b6040a2a68f73ae6fb9313234b,200,2021-08-13T00:21:26.644817,,
507893,application/json,1.074,ba080b05e0df46fe7eec05ff62e101f0fc047066af29fa7897700568b09ce1cc,cafadb8e0a05a2c0497d175d0abf5d05b2bb88b6040a2a68f73ae6fb9313234b,200,2021-08-14T00:20:35.053133,,
507893,application/json,0.478,ba080b05e0df46fe7eec05ff62e101f0fc047066af29fa7897700568b09ce1cc,cafadb8e0a05a2c0497d175d0abf5d05b2bb88b6040a2a68f73ae6fb9313234b,200,2021-08-15T00:21:20.418018,,
507893,application/json,0.56,ba080b05e0df46fe7eec05ff62e101f0fc047066af29fa7897700568b09ce1cc,cafadb8e0a05a2c0497d175d0abf5d05b2bb88b6040a2a68f73ae6fb9313234b,200,2021-08-16T00:20:51.632590,,
507893,application/json,0.784,ba080b05e0df46fe7eec05ff62e101f0fc047066af29fa7897700568b09ce1cc,cafadb8e0a05a2c0497d175d0abf5d05b2bb88b6040a2a68f73ae6fb9313234b,200,2021-08-17T00:22:47.630978,,
507893,application/json,1.118,ba080b05e0df46fe7eec05ff62e101f0fc047066af29fa7897700568b09ce1cc,cafadb8e0a05a2c0497d175d0abf5d05b2bb88b6040a2a68f73ae6fb9313234b,200,2021-08-18T00:20:59.533897,,
507893,application/json,0.533,ba080b05e0df46fe7eec05ff62e101f0fc047066af29fa7897700568b09ce1cc,cafadb8e0a05a2c0497d175d0abf5d05b2bb88b6040a2a68f73ae6fb9313234b,200,2021-08-19T00:20:09.850303,,
507893,application/json,0.436,ba080b05e0df46fe7eec05ff62e101f0fc047066af29fa7897700568b09ce1cc,cafadb8e0a05a2c0497d175d0abf5d05b2bb88b6040a2a68f73ae6fb9313234b,200,2021-08-20T00:21:11.165176,,
507893,application/json,1.067,ba080b05e0df46fe7eec05ff62e101f0fc047066af29fa7897700568b09ce1cc,cafadb8e0a05a2c0497d175d0abf5d05b2bb88b6040a2a68f73ae6fb9313234b,200,2021-08-21T00:19:53.444817,,
507893,application/json,1.157,ba080b05e0df46fe7eec05ff62e101f0fc047066af29fa7897700568b09ce1cc,cafadb8e0a05a2c0497d175d0abf5d05b2bb88b6040a2a68f73ae6fb9313234b,200,2021-08-22T00:21:04.450784,,
507893,application/json,0.447,ba080b05e0df46fe7eec05ff62e101f0fc047066af29fa7897700568b09ce1cc,cafadb8e0a05a2c0497d175d0abf5d05b2bb88b6040a2a68f73ae6fb9313234b,200,2021-08-23T00:20:13.940028,,
507893,application/json,0.531,ba080b05e0df46fe7eec05ff62e101f0fc047066af29fa7897700568b09ce1cc,cafadb8e0a05a2c0497d175d0abf5d05b2bb88b6040a2a68f73ae6fb9313234b,200,2021-08-24T00:21:14.134959,,
507893,application/json,1.385,ba080b05e0df46fe7eec05ff62e101f0fc047066af29fa7897700568b09ce1cc,cafadb8e0a05a2c0497d175d0abf5d05b2bb88b6040a2a68f73ae6fb9313234b,200,2021-08-25T00:22:25.723362,,
507893,application/json,0.452,ba080b05e0df46fe7eec05ff62e101f0fc047066af29fa7897700568b09ce1cc,cafadb8e0a05a2c0497d175d0abf5d05b2bb88b6040a2a68f73ae6fb9313234b,200,2021-08-26T00:19:59.649399,,
507893,application/json,0.484,ba080b05e0df46fe7eec05ff62e101f0fc047066af29fa7897700568b09ce1cc,cafadb8e0a05a2c0497d175d0abf5d05b2bb88b6040a2a68f73ae6fb9313234b,200,2021-08-27T00:23:16.682751,,
507893,application/json,0.59,ba080b05e0df46fe7eec05ff62e101f0fc047066af29fa7897700568b09ce1cc,cafadb8e0a05a2c0497d175d0abf5d05b2bb88b6040a2a68f73ae6fb9313234b,200,2021-08-28T00:20:20.703015,,
507893,application/json,0.485,ba080b05e0df46fe7eec05ff62e101f0fc047066af29fa7897700568b09ce1cc,cafadb8e0a05a2c0497d175d0abf5d05b2bb88b6040a2a68f73ae6fb9313234b,200,2021-08-29T00:22:33.631246,,
507893,application/json,0.443,ba080b05e0df46fe7eec05ff62e101f0fc047066af29fa7897700568b09ce1cc,cafadb8e0a05a2c0497d175d0abf5d05b2bb88b6040a2a68f73ae6fb9313234b,200,2021-08-30T00:22:53.574070,,
507893,application/json,0.723,ba080b05e0df46fe7eec05ff62e101f0fc047066af29fa7897700568b09ce1cc,cafadb8e0a05a2c0497d175d0abf5d05b2bb88b6040a2a68f73ae6fb9313234b,200,2021-08-31T00:21:11.138549,,
507893,application/json,0.471,ba080b05e0df46fe7eec05ff62e101f0fc047066af29fa7897700568b09ce1cc,cafadb8e0a05a2c0497d175d0abf5d05b2bb88b6040a2a68f73ae6fb9313234b,200,2021-09-01T00:21:16.699809,,
507893,application/json,0.549,ba080b05e0df46fe7eec05ff62e101f0fc047066af29fa7897700568b09ce1cc,cafadb8e0a05a2c0497d175d0abf5d05b2bb88b6040a2a68f73ae6fb9313234b,200,2021-09-02T00:22:01.782207,,
507893,application/json,0.497,ba080b05e0df46fe7eec05ff62e101f0fc047066af29fa7897700568b09ce1cc,cafadb8e0a05a2c0497d175d0abf5d05b2bb88b6040a2a68f73ae6fb9313234b,200,2021-09-03T00:20:26.839028,,
507893,application/json,1.549,ba080b05e0df46fe7eec05ff62e101f0fc047066af29fa7897700568b09ce1cc,cafadb8e0a05a2c0497d175d0abf5d05b2bb88b6040a2a68f73ae6fb9313234b,200,2021-09-04T00:20:07.426766,,
507893,application/json,0.491,ba080b05e0df46fe7eec05ff62e101f0fc047066af29fa7897700568b09ce1cc,cafadb8e0a05a2c0497d175d0abf5d05b2bb88b6040a2a68f73ae6fb9313234b,200,2021-09-05T00:22:32.816122,,
507893,application/json,0.468,ba080b05e0df46fe7eec05ff62e101f0fc047066af29fa7897700568b09ce1cc,cafadb8e0a05a2c0497d175d0abf5d05b2bb88b6040a2a68f73ae6fb9313234b,200,2021-09-06T00:24:12.745521,,
507893,application/json,1.129,ba080b05e0df46fe7eec05ff62e101f0fc047066af29fa7897700568b09ce1cc,cafadb8e0a05a2c0497d175d0abf5d05b2bb88b6040a2a68f73ae6fb9313234b,200,2021-09-07T00:20:45.102882,,
507893,application/json,0.719,ba080b05e0df46fe7eec05ff62e101f0fc047066af29fa7897700568b09ce1cc,cafadb8e0a05a2c0497d175d0abf5d05b2bb88b6040a2a68f73ae6fb9313234b,200,2021-09-08T00:20:39.158007,,
507893,application/json,0.538,ba080b05e0df46fe7eec05ff62e101f0fc047066af29fa7897700568b09ce1cc,cafadb8e0a05a2c0497d175d0abf5d05b2bb88b6040a2a68f73ae6fb9313234b,200,2021-09-09T00:23:03.970530,,
507893,application/json,0.443,ba080b05e0df46fe7eec05ff62e101f0fc047066af29fa7897700568b09ce1cc,cafadb8e0a05a2c0497d175d0abf5d05b2bb88b6040a2a68f73ae6fb9313234b,200,2021-09-10T00:24:20.553141,,
33782563,application/octet-stream,3.847,bebf44407e3b529c033b6981c8e483793b477cc18a7ce9f5378da12b05799561,afe9e6821f5b8e7ecf41a5284587c9a0e2b7a17a255b96d4c9073a5110b584e4,200,2021-09-10T13:00:00.941103,,
507893,application/json,1.112,ba080b05e0df46fe7eec05ff62e101f0fc047066af29fa7897700568b09ce1cc,cafadb8e0a05a2c0497d175d0abf5d05b2bb88b6040a2a68f73ae6fb9313234b,200,2021-09-11T00:22:13.270808,,
33782563,application/octet-stream,5.907,bebf44407e3b529c033b6981c8e483793b477cc18a7ce9f5378da12b05799561,afe9e6821f5b8e7ecf41a5284587c9a0e2b7a17a255b96d4c9073a5110b584e4,200,2021-09-11T00:22:13.270808,,
507893,application/json,0.513,ba080b05e0df46fe7eec05ff62e101f0fc047066af29fa7897700568b09ce1cc,cafadb8e0a05a2c0497d175d0abf5d05b2bb88b6040a2a68f73ae6fb9313234b,200,2021-09-12T00:23:44.300361,,
33782563,application/octet-stream,3.691,bebf44407e3b529c033b6981c8e483793b477cc18a7ce9f5378da12b05799561,afe9e6821f5b8e7ecf41a5284587c9a0e2b7a17a255b96d4c9073a5110b584e4,200,2021-09-12T00:23:44.300361,,
507893,application/json,0.565,ba080b05e0df46fe7eec05ff62e101f0fc047066af29fa7897700568b09ce1cc,cafadb8e0a05a2c0497d175d0abf5d05b2bb88b6040a2a68f73ae6fb9313234b,200,2021-09-13T00:23:34.154468,,
33782563,application/octet-stream,3.969,bebf44407e3b529c033b6981c8e483793b477cc18a7ce9f5378da12b05799561,afe9e6821f5b8e7ecf41a5284587c9a0e2b7a17a255b96d4c9073a5110b584e4,200,2021-09-13T00:23:34.154468,,
507893,application/json,0.457,ba080b05e0df46fe7eec05ff62e101f0fc047066af29fa7897700568b09ce1cc,cafadb8e0a05a2c0497d175d0abf5d05b2bb88b6040a2a68f73ae6fb9313234b,200,2021-09-14T00:23:44.933676,,
33782563,application/octet-stream,3.71,bebf44407e3b529c033b6981c8e483793b477cc18a7ce9f5378da12b05799561,afe9e6821f5b8e7ecf41a5284587c9a0e2b7a17a255b96d4c9073a5110b584e4,200,2021-09-14T00:23:44.933676,,
507893,application/json,0.448,ba080b05e0df46fe7eec05ff62e101f0fc047066af29fa7897700568b09ce1cc,cafadb8e0a05a2c0497d175d0abf5d05b2bb88b6040a2a68f73ae6fb9313234b,200,2021-09-15T00:22:07.156513,,
33782563,application/octet-stream,4.418,bebf44407e3b529c033b6981c8e483793b477cc18a7ce9f5378da12b05799561,afe9e6821f5b8e7ecf41a5284587c9a0e2b7a17a255b96d4c9073a5110b584e4,200,2021-09-15T00:22:07.156513,,
507893,application/json,0.588,ba080b05e0df46fe7eec05ff62e101f0fc047066af29fa7897700568b09ce1cc,cafadb8e0a05a2c0497d175d0abf5d05b2bb88b6040a2a68f73ae6fb9313234b,200,2021-09-16T00:23:20.108388,,
33782563,application/octet-stream,3.785,bebf44407e3b529c033b6981c8e483793b477cc18a7ce9f5378da12b05799561,afe9e6821f5b8e7ecf41a5284587c9a0e2b7a17a255b96d4c9073a5110b584e4,200,2021-09-16T00:23:20.108388,,
507893,application/json,1.22,ba080b05e0df46fe7eec05ff62e101f0fc047066af29fa7897700568b09ce1cc,cafadb8e0a05a2c0497d175d0abf5d05b2bb88b6040a2a68f73ae6fb9313234b,200,2021-09-17T00:23:50.384765,,
33782563,application/octet-stream,5.962,bebf44407e3b529c033b6981c8e483793b477cc18a7ce9f5378da12b05799561,afe9e6821f5b8e7ecf41a5284587c9a0e2b7a17a255b96d4c9073a5110b584e4,200,2021-09-17T00:23:50.384765,,
507893,application/json,0.457,ba080b05e0df46fe7eec05ff62e101f0fc047066af29fa7897700568b09ce1cc,cafadb8e0a05a2c0497d175d0abf5d05b2bb88b6040a2a68f73ae6fb9313234b,200,2021-09-18T00:21:03.316256,,
33782563,application/octet-stream,4.078,bebf44407e3b529c033b6981c8e483793b477cc18a7ce9f5378da12b05799561,afe9e6821f5b8e7ecf41a5284587c9a0e2b7a17a255b96d4c9073a5110b584e4,200,2021-09-18T00:21:03.316256,,
